Title,Author,ISBN,Location
Mormon Doctrine,"McConkie, Bruce R. ",,Study-Front-Left-1
The Philosophy of the Teachings of Islam,"Ahmad, Mirza Ghulam",,Study-Front-Left-1
The New Oxford Annotated Bible (with the Apocrypha),Oxford University Press,,Study-Front-Left-1
The Other Eminent Men of Wilford Woodruff,"Anderson, Vicki Jo",,Study-Front-Left-1
The God Who Weeps,"Givens, Terryl",,Study-Front-Left-1
Pure Religion: The Story of Church Welfare Since 1930,"Rudd, Glen L.",402352470003,Study-Front-Left-1
Sermons and Writings of President Ezra Taft Benson,"Benson, Ezra Taft",,Study-Front-Left-1
A New Witness for the Articles of Faith,"McConkie, Bruce R.",,Study-Front-Left-1
The Last Days,"Gileadi, Avraham",,Study-Front-Left-1
Everlasting Burnings,"Cook, M. Garfield",,Study-Front-Left-1
Articles of Faith,"Talmage, James E.",,Study-Front-Left-1
A Marvelous Work and a Wonder,"Richards, LeGrand",,Study-Front-Left-1
Our Sisters in the Bible,"Hurd, Jerrie W.",,Study-Front-Left-1
Discourses on the Holy Ghost,"Lundwall, N.B.",,Study-Front-Left-1
From the Life and Ministry of Thomas S. Monson,"Monson, Thomas S.",,Study-Front-Left-1
Leadership for Saints,"Pinegar, Ed J.",,Study-Front-Left-1
The Atoning Power of Gethsemane/The Seven Deadly Heresies,"McConkie,  Bruce R.",,Study-Front-Left-1
Stand a Little Taller,"Hinckley, Gordon B.",9781570087677,Study-Front-Left-1
Way to Be!,"Hinckley, Gordon B.",,Study-Front-Left-1
Teachings of the Prophet Joseph Smith,"Smith, Joseph Fielding",,Study-Front-Left-1
Nibley on the Timely and the Timeless,"Nibley, Hugh",,Study-Front-Left-1
The Creation,"Salisbury, Frank B.",,Study-Front-Left-1
Pearl of Great Price Commentary,"Hunter, Milton R.",,Study-Front-Left-1
Fire in the Bones,"Wilcox, John L.",,Study-Front-Left-1
Of All Things,"Nibley, Hugh",,Study-Front-Left-1
The Wonderful Names of our Wonderful Lord,,,Study-Front-Left-1
Christ and the Inner Life,"Madsen, Truman G.",,Study-Front-Left-1
Drawing on the Powers of Heaven,"Harrison, Grant Von",,Study-Front-Left-1
Mormonism and Masonry,"McGavin, E. Cecil", ,Study-Front-Left-1
God the Father,"Allred, Gordon",,Study-Front-Left-1